1,2021-07-22,13:20:00,Primer comentario post Pamela,1
2,2021-07-21,20:55:20,Segundo comentario post Pamela,1
3,2021-07-21,10:04:12,Primer comentario post Carlos,6
4,2021-07-21,11:26:05,Segundo comentario post Carlos,6
5,2021-07-21,15:40:12,Tercer comentario post Carlos,6
6,2021-07-21,09:47:40,Cuarto comentario post Carlos,6
7,2021-07-22,12:52:30,Segundo comentario post Margarita,7
8,2021-07-22,13:14:41,Tercer comentario post Margarita,7
9,2021-07-22,13:55:22,Cuarto comentario post Margarita,7
10,2021-07-22,15:03:44,Quinto comentario post Margarita,7
11,2021-07-22,08:20:00,Primer comentario post Margarita,7
